<?xml version="1.0" encoding="UTF-8"?>
<spirit:abstractionDefinition xmlns:xilinx="http://www.xilinx.com" xmlns:spirit="http://www.spiritconsortium.org/XMLSchema/SPIRIT/1685-2009" xmlns:xsi="http://www.w3.org/2001/XMLSchema-instance">
  <spirit:vendor>xilinx.com</spirit:vendor>
  <spirit:library>user</spirit:library>
  <spirit:name>flash_master_rtl</spirit:name>
  <spirit:version>1.0</spirit:version>
  <spirit:busType spirit:vendor="xilinx.com" spirit:library="user" spirit:name="flash_master" spirit:version="1.0"/>
  <spirit:ports>
    <spirit:port>
      <spirit:logicalName>flash_A</spirit:logicalName>
      <spirit:description/>
      <spirit:wire>
        <spirit:onMaster>
          <spirit:presence>required</spirit:presence>
          <spirit:direction>out</spirit:direction>
        </spirit:onMaster>
        <spirit:onSlave>
          <spirit:presence>required</spirit:presence>
          <spirit:direction>in</spirit:direction>
        </spirit:onSlave>
      </spirit:wire>
    </spirit:port>
    <spirit:port>
      <spirit:logicalName>flash_DQ</spirit:logicalName>
      <spirit:description/>
      <spirit:wire>
        <spirit:onMaster>
          <spirit:presence>required</spirit:presence>
          <spirit:direction>inout</spirit:direction>
        </spirit:onMaster>
        <spirit:onSlave>
          <spirit:presence>required</spirit:presence>
          <spirit:direction>inout</spirit:direction>
        </spirit:onSlave>
      </spirit:wire>
    </spirit:port>
    <spirit:port>
      <spirit:logicalName>flash_OE_N</spirit:logicalName>
      <spirit:description/>
      <spirit:wire>
        <spirit:onMaster>
          <spirit:presence>required</spirit:presence>
          <spirit:direction>out</spirit:direction>
        </spirit:onMaster>
        <spirit:onSlave>
          <spirit:presence>required</spirit:presence>
          <spirit:direction>in</spirit:direction>
        </spirit:onSlave>
      </spirit:wire>
    </spirit:port>
    <spirit:port>
      <spirit:logicalName>flash_WE_N</spirit:logicalName>
      <spirit:description/>
      <spirit:wire>
        <spirit:onMaster>
          <spirit:presence>required</spirit:presence>
          <spirit:direction>out</spirit:direction>
        </spirit:onMaster>
        <spirit:onSlave>
          <spirit:presence>required</spirit:presence>
          <spirit:direction>in</spirit:direction>
        </spirit:onSlave>
      </spirit:wire>
    </spirit:port>
    <spirit:port>
      <spirit:logicalName>flash_CS_N</spirit:logicalName>
      <spirit:description/>
      <spirit:wire>
        <spirit:onMaster>
          <spirit:presence>required</spirit:presence>
          <spirit:direction>out</spirit:direction>
        </spirit:onMaster>
        <spirit:onSlave>
          <spirit:presence>required</spirit:presence>
          <spirit:direction>in</spirit:direction>
        </spirit:onSlave>
      </spirit:wire>
    </spirit:port>
    <spirit:port>
      <spirit:logicalName>flash_ADV_N</spirit:logicalName>
      <spirit:description/>
      <spirit:wire>
        <spirit:onMaster>
          <spirit:presence>required</spirit:presence>
          <spirit:direction>out</spirit:direction>
        </spirit:onMaster>
        <spirit:onSlave>
          <spirit:presence>required</spirit:presence>
          <spirit:direction>in</spirit:direction>
        </spirit:onSlave>
      </spirit:wire>
    </spirit:port>
  </spirit:ports>
</spirit:abstractionDefinition>
